<?xml version="1.0" encoding="UTF-8"?>
<project-private xmlns="http://www.netbeans.org/ns/project-private/1">
    <editor-bookmarks xmlns="http://www.netbeans.org/ns/editor-bookmarks/2" lastBookmarkId="0"/>
    <open-files xmlns="http://www.netbeans.org/ns/projectui-open-files/2">
        <group>
            <file>file:/D:/xamp/htdocs/Laravel/app/Http/Controllers/Admin/BrokerController.php</file>
            <file>file:/D:/xamp/htdocs/Laravel/resources/views/pages/broker_view.blade.php</file>
            <file>file:/D:/xamp/htdocs/Laravel/app/Http/routes.php</file>
            <file>file:/D:/xamp/htdocs/Laravel/resources/lang/en/admin/broker.php</file>
            <file>file:/D:/xamp/htdocs/Laravel/resources/views/admin/layouts/default.blade.php</file>
            <file>file:/D:/xamp/htdocs/Laravel/app/Broker.php</file>
            <file>file:/D:/xamp/htdocs/Laravel/database/migrations/2016_04_27_195348_create_broker_table.php</file>
            <file>file:/D:/xamp/htdocs/Laravel/app/Http/Controllers/PagesController.php</file>
            <file>file:/D:/xamp/htdocs/Laravel/resources/views/admin/broker/index.blade.php</file>
            <file>file:/D:/xamp/htdocs/Laravel/resources/views/admin/broker/create_edit.blade.php</file>
            <file>file:/D:/xamp/htdocs/Laravel/resources/views/layouts/app.blade.php</file>
        </group>
    </open-files>
</project-private>
